Semaine 1,18/09/2017
Semaine 2,25/09/2017
Semaine 3,02/10/2017
Semaine 4,09/10/2017
Semaine 5,16/10/2017
Vacances,
Semaine 6,06/11/2017
Semaine 7,13/11/2017
Semaine 8,20/11/2017
Semaine 9,27/11/2017
Semaine 10,04/12/2017
Semaine 11,11/12/2017
Semaine 12,18/12/2017
Vacances,
Semaine 13,08/01/2018
Semaine 14,15/01/2018
Semaine 15,22/01/2018
Semaine 16,29/01/2018
Ski,
Semaine 17,12/02/2018
Vacances,
Semaine 18,05/03/2018
Semaine 19,12/03/2018
Semaine 20,19/03/2018
Semaine 21,26/03/2018
Semaine 22,02/04/2018
Semaine 23,09/04/2018
Vacances,
Semaine 24,23/04/2018
Semaine 25,30/04/2018
Semaine 26,14/05/2018
Semaine 27,21/05/2018
Semaine 28,28/05/2018
Semaine 29,04/06/2018
Semaine 30,11/06/2018
Semaine 31,18/06/2018
